iter	Logloss
0	0.6849363934
1	0.677458538
2	0.6701825392
3	0.6635449383
4	0.6569296486
5	0.6509040914
6	0.645132973
7	0.6394939173
8	0.6342329185
9	0.6290581224
10	0.6241541115
11	0.6195116786
12	0.6151630305
13	0.6110162919
14	0.6071790704
15	0.6035324354
16	0.5998695871
17	0.5966256893
18	0.5933670471
19	0.5902182409
